,City,Cloudiness,Country,Date,Humidity,Lat,Lng,Max Temp,Wind Speed
0,rikitea,100,PF,1562090017,74,-23.12,-134.97,69.59,21.83
1,narsaq,40,GL,1562090089,100,60.91,-46.05,50.0,9.17
2,saint-philippe,1,CA,1562090019,51,45.36,-73.48,84.99,6.93
3,sungairaya,68,ID,1562090257,85,0.7,108.9,82.91,15.39
4,barrow,48,AR,1562090083,45,-38.31,-60.23,49.07,24.07
5,port elizabeth,1,US,1562090078,48,39.31,-74.98,93.0,10.29
6,kargil,0,PK,1562090257,34,34.56,76.13,51.95,5.28
7,east london,0,ZA,1562090028,48,-33.02,27.91,62.6,6.93
8,vaini,100,IN,1562090017,85,15.34,74.49,77.69,3.83
9,nikolskoye,40,RU,1562090056,72,59.7,30.79,64.4,4.47
10,punta gorda,20,US,1562090257,62,26.93,-82.05,93.99,9.17
11,aswan,0,EG,1562090130,16,24.09,32.9,95.87,13.29
12,carutapera,100,BR,1562090094,69,-1.2,-46.02,84.17,11.01
13,ushuaia,40,AR,1562090023,86,-54.81,-68.31,33.8,14.99
14,hermanus,100,ZA,1562090018,73,-34.42,19.24,64.99,8.99
15,lincoln,0,GB,1562090058,55,53.23,-0.54,66.99,6.93
16,port hardy,90,CA,1562090100,93,50.7,-127.42,55.4,4.7
17,albany,40,US,1562089721,94,42.65,-73.75,78.01,6.93
18,qaanaaq,0,GL,1562090028,43,77.48,-69.36,49.61,2.64
19,hilo,75,US,1562089734,64,19.71,-155.08,75.99,5.82
20,avarua,25,CK,1562089860,60,-21.21,-159.78,71.6,16.11
21,gat,0,SN,1562090121,62,14.69,-16.54,84.2,12.75
22,ust-kulom,100,RU,1562090073,98,61.69,53.69,59.33,6.24
23,tuatapere,100,NZ,1562090111,85,-46.13,167.69,46.99,1.01
24,annau,75,TM,1562090259,39,37.89,58.52,78.8,4.7
25,castro,40,CL,1562090065,81,-42.48,-73.76,46.4,4.7
26,hasaki,75,JP,1562090259,100,35.73,140.83,70.0,3.36
27,vila franca do campo,40,PT,1562090058,83,37.72,-25.43,71.6,16.11
28,atar,0,MR,1562090128,7,20.52,-13.05,112.61,14.05
29,atuona,6,PF,1562090053,77,-9.8,-139.03,79.85,12.46
30,norman wells,90,CA,1562090072,82,65.28,-126.83,59.0,12.75
31,mao,40,DO,1562090179,52,19.55,-71.08,96.01,5.82
32,morant bay,20,JM,1562090259,62,17.88,-76.41,87.8,16.11
33,mar del plata,91,AR,1562089864,68,-46.43,-67.52,38.81,17.27
34,turayf,0,SA,1562090135,18,31.68,38.65,87.8,13.87
35,srednekolymsk,100,RU,1562090136,62,67.46,153.71,52.85,15.26
36,dikson,100,RU,1562090046,100,73.51,80.55,38.81,7.02
37,ancud,40,CL,1562090082,81,-41.87,-73.83,46.4,4.7
38,lagoa,0,PT,1562090077,69,37.14,-8.45,79.0,8.05
39,kidal,0,ML,1562090260,6,18.44,1.41,107.21,11.7
40,te anau,88,NZ,1562090260,87,-45.41,167.72,50.87,4.34
41,fortuna,75,US,1562090105,72,40.6,-124.16,70.0,12.75
42,port maria,20,JM,1562090261,62,18.37,-76.89,87.8,16.11
43,hithadhoo,100,MV,1562090029,70,-0.6,73.08,84.53,9.48
44,hambantota,100,LK,1562090112,83,6.12,81.12,82.91,19.71
45,rio gallegos,40,AR,1562089927,80,-51.62,-69.22,37.4,8.05
46,leningradskiy,92,RU,1562090100,98,69.38,178.42,36.83,4.18
47,cape town,75,ZA,1562090020,93,-33.93,18.42,57.0,18.34
48,richards bay,0,ZA,1562090261,52,-28.77,32.06,69.23,12.82
49,laukaa,98,FI,1562090261,87,62.42,25.95,55.99,9.17
50,rio grande,0,BR,1562090107,37,-32.03,-52.1,68.0,4.7
51,vinh,100,VN,1562090262,94,18.67,105.69,76.25,2.73
52,punta arenas,20,CL,1562090028,69,-53.16,-70.91,37.4,11.41
53,tadine,51,NC,1562090262,76,-21.55,167.88,72.47,11.41
54,port alfred,24,ZA,1562090029,44,-33.59,26.89,66.99,8.01
55,kapaa,8,US,1562089760,83,22.08,-159.32,78.8,3.36
56,karacakoy,0,TR,1562090241,69,41.4,28.38,79.0,17.22
57,cayenne,100,GF,1562090099,88,4.94,-52.33,78.8,8.05
58,cherskiy,77,RU,1562090078,74,68.75,161.3,44.39,14.67
59,lahan,0,NP,1562090263,71,26.71,86.48,83.45,6.24
60,krasnogorskoye,62,RU,1562090263,94,57.7,52.5,57.35,4.47
61,yellowknife,75,CA,1562089774,62,62.45,-114.38,55.4,23.04
62,mackay,75,CA,1562090263,54,53.65,-115.58,59.0,11.41
63,namibe,0,AO,1562090094,77,-15.19,12.15,71.03,4.38
64,belmonte,0,PT,1562090263,26,40.36,-7.35,80.01,7.23
65,san patricio,100,PY,1562090122,88,-26.98,-56.83,60.95,1.57
66,nizhniy tsasuchey,13,RU,1562090264,56,50.52,115.13,65.27,5.06
67,airai,5,TL,1562090058,82,-8.93,125.41,70.31,4.43
68,saucillo,0,MX,1562090264,17,28.03,-105.29,90.47,3.98
69,ewa beach,20,US,1562090199,78,21.32,-158.01,80.01,3.36
70,dessalines,50,HT,1562090264,76,19.26,-72.52,82.91,6.2
71,ribeira grande,40,PT,1562090047,83,38.52,-28.7,73.4,9.17
72,hobart,40,AU,1562090022,75,-42.88,147.33,44.6,6.93
73,udachnyy,75,RU,1562090264,75,66.42,112.4,42.8,6.71
74,oranjemund,0,ZA,1562090265,79,-28.55,16.43,56.09,15.23
75,garowe,29,SO,1562090265,46,8.41,48.48,84.35,23.98
76,logansport,40,US,1562090181,55,40.75,-86.36,93.0,9.17
77,turiacu,25,BR,1562090265,34,-5.01,-63.0,95.51,2.84
78,dandong,93,CN,1562090265,76,40.12,124.37,68.51,1.48
79,rumoi,89,JP,1562090265,91,43.93,141.67,57.17,9.55
80,kohat,0,PK,1562090266,27,33.6,71.44,88.31,4.72
81,huarmey,84,PE,1562090129,90,-10.07,-78.15,63.65,16.62
82,jamestown,0,AU,1562090059,88,-33.21,138.6,46.01,4.14
83,jumla,10,NP,1562090266,94,29.28,82.18,55.19,2.28
84,lorengau,9,PG,1562090061,85,-2.02,147.27,78.23,8.48
85,butaritari,83,KI,1562090024,73,3.07,172.79,84.17,7.83
86,lambarene,75,GA,1562090226,70,-0.7,10.22,78.95,3.8
87,saskylakh,9,RU,1562090057,76,71.97,114.09,41.87,4.43
88,katsuura,75,JP,1562090080,100,33.93,134.5,71.6,5.82
89,scranton,40,US,1562089970,57,41.41,-75.66,86.0,4.7
90,mnogovershinnyy,100,RU,1562090119,82,53.94,139.92,47.45,5.41
91,yerofey pavlovich,84,RU,1562090267,77,53.97,121.97,54.11,1.01
92,poya,29,NC,1562090267,73,-21.35,165.16,71.93,6.35
93,new norfolk,40,AU,1562090064,75,-42.78,147.06,44.6,6.93
94,black diamond,75,CA,1562090268,87,50.69,-114.23,53.01,6.93
95,kodiak,1,US,1562090071,22,39.95,-94.76,91.0,5.82
96,longyearbyen,75,NO,1562090020,75,78.22,15.63,46.4,18.34
97,provideniya,100,RU,1562090028,97,64.42,-173.23,43.67,3.62
98,bathsheba,25,BB,1562090088,77,13.22,-59.52,80.75,15.19
99,praia da vitoria,90,PT,1562090127,83,38.73,-27.07,73.99,9.95
100,mataura,100,NZ,1562090027,85,-46.19,168.86,46.99,1.01
101,georgetown,75,GY,1562090052,79,6.8,-58.16,87.8,18.34
102,songjianghe,41,CN,1562090268,97,42.18,127.48,53.03,3.85
103,nome,40,US,1562090121,88,30.04,-94.42,89.6,7.34
104,mahebourg,75,MU,1562090029,68,-20.41,57.7,71.6,8.05
105,sabang,100,PH,1562090110,96,13.8,121.11,72.29,2.28
106,arraial do cabo,40,BR,1562090087,74,-22.97,-42.02,78.8,5.82
107,ponta delgada,40,PT,1562090086,83,37.73,-25.67,71.6,16.11
108,rafai,58,CF,1562090269,96,4.95,23.92,69.59,2.21
109,geraldton,75,CA,1562090100,34,49.72,-86.95,78.8,5.82
110,williams lake,40,CA,1562090269,51,52.13,-122.14,60.8,9.17
111,cidreira,0,BR,1562090047,51,-30.17,-50.22,61.31,6.4
112,sfantu gheorghe,0,RO,1562090270,70,44.65,26.83,93.2,6.93
113,bluff,49,AU,1562090017,82,-23.58,149.07,58.07,4.61
114,altay,0,CN,1562090270,40,47.83,88.13,47.09,6.64
115,ewo,88,CG,1562090270,66,-0.88,14.81,80.03,9.57
116,alice springs,0,AU,1562090064,42,-23.7,133.88,48.2,5.82
117,billings,75,US,1562090270,63,45.79,-108.5,64.99,9.17
118,rio tercero,0,AR,1562090270,34,-32.17,-64.11,57.71,9.86
119,kendari,100,ID,1562090062,98,-3.99,122.52,71.03,2.13
120,bucerias,5,MX,1562090271,46,20.76,-105.33,89.6,8.05
121,coos bay,90,US,1562090188,82,43.37,-124.22,66.99,4.7
122,carnarvon,0,ZA,1562090046,47,-30.97,22.13,45.65,7.43
123,beya,100,RU,1562090271,92,53.05,90.92,54.83,4.07
124,esperance,75,AU,1562090094,66,-33.86,121.89,51.8,8.05
125,zyryanka,100,RU,1562090271,81,65.73,150.89,55.37,12.86
126,bredasdorp,97,ZA,1562090026,55,-34.53,20.04,64.99,19.46
127,gazanjyk,0,TM,1562090272,30,39.24,55.52,81.11,15.9
128,thompson,75,CA,1562090058,62,55.74,-97.86,57.2,12.75
129,taoudenni,47,ML,1562090092,5,22.68,-3.98,113.69,14.65
130,isangel,0,VU,1562090272,65,-19.55,169.27,73.01,5.64
131,kirakira,64,SB,1562090272,83,-10.46,161.92,77.33,9.91
132,okha,83,RU,1562090272,94,53.59,142.95,42.41,12.97
133,diffa,57,NE,1562090273,28,13.32,12.61,98.93,11.63
134,kaitangata,100,NZ,1562090060,80,-46.28,169.85,48.0,3.0
135,victoria,75,BN,1562090018,83,5.28,115.24,82.4,2.24
136,danville,1,US,1562090273,46,37.82,-122.0,77.0,8.05
137,muisne,75,EC,1562090123,78,0.61,-80.02,82.4,4.7
138,gerash,0,IR,1562090273,13,27.67,54.14,102.2,6.93
139,montlucon,98,FR,1562090273,44,46.33,2.6,81.0,1.01
140,zaozerne,0,UA,1562090119,67,51.37,23.94,65.45,8.16
141,mungaoli,81,IN,1562090274,43,24.41,78.09,91.55,11.32
142,alyangula,75,AU,1562090274,93,-13.85,136.42,59.0,1.12
143,torbay,40,CA,1562090057,83,47.66,-52.73,73.4,18.34
144,bethel,90,US,1562090033,100,60.79,-161.76,53.6,19.46
145,sibolga,88,ID,1562090274,73,1.74,98.78,82.73,3.31
146,san juan,19,AR,1562090117,8,-31.54,-68.53,57.17,2.71
147,santa cruz,11,BR,1562090004,43,-6.22,-36.02,86.33,11.68
148,guerrero negro,0,MX,1562090053,82,27.97,-114.04,67.61,10.4
149,oistins,54,BB,1562090275,77,13.07,-59.53,81.47,14.2
150,naryan-mar,100,RU,1562090275,91,67.67,53.09,61.67,9.06
151,panzhihua,61,CN,1562090275,84,26.59,101.72,67.97,1.25
152,qinhuangdao,45,CN,1562090275,68,39.94,119.59,63.65,1.01
153,valparaiso,40,US,1562090009,21,41.47,-87.06,93.0,10.29
154,cabo san lucas,5,MX,1562089876,65,22.89,-109.91,95.0,6.93
155,praia,0,BR,1562090054,36,-20.25,-43.81,80.6,3.36
156,flinders,40,AU,1562090028,75,-34.58,150.85,57.0,9.17
157,coahuayana,26,MX,1562090139,61,18.62,-100.35,87.59,2.15
158,upernavik,4,GL,1562090082,83,72.79,-56.15,41.15,6.89
159,margate,40,AU,1562090276,75,-43.03,147.26,44.6,6.93
160,saint-francois,0,FR,1562090276,35,46.42,3.91,84.2,8.05
161,nijar,20,ES,1562090276,78,36.97,-2.21,78.01,4.7
162,makakilo city,20,US,1562090277,78,21.35,-158.09,80.01,3.36
163,orkeny,0,HU,1562090277,47,47.13,19.43,86.0,10.29
164,central point,75,US,1562090277,45,42.38,-122.91,69.01,4.7
165,aasiaat,3,GL,1562090277,63,68.71,-52.87,42.77,13.2
166,dingle,100,PH,1562090052,86,11.0,122.67,74.45,1.63
167,grand gaube,75,MU,1562090278,68,-20.01,57.66,71.6,8.05
168,nyurba,0,RU,1562090278,67,63.29,118.35,43.85,5.59
169,axim,41,GH,1562090278,87,4.87,-2.24,78.41,9.91
170,souillac,100,FR,1562090026,47,45.6,-0.6,80.6,5.82
171,busselton,15,AU,1562090027,67,-33.64,115.35,46.0,10.63
172,ilulissat,40,GL,1562090063,28,69.22,-51.1,55.4,14.99
173,coihaique,40,CL,1562089861,97,-45.58,-72.07,46.4,2.24
174,faanui,97,PF,1562090058,80,-16.48,-151.75,77.87,31.29
175,matiri,0,UG,1562090278,59,0.58,30.76,65.09,1.36
176,birjand,0,IR,1562090104,32,32.86,59.22,80.6,16.11
177,divnomorskoye,0,RU,1562090279,70,44.5,38.13,72.83,9.24
178,saint-pierre,0,FR,1562090122,38,48.95,4.24,78.8,16.11
179,vao,75,EE,1562090120,79,59.1,26.19,58.61,9.06
180,saldanha,0,PT,1562090134,24,41.42,-6.55,87.77,5.91
181,saint george,0,GR,1562090074,42,39.45,22.34,87.8,8.05
182,san blas,5,MX,1562090279,54,21.54,-105.29,80.6,7.83
183,huntsville,1,US,1562089986,58,34.73,-86.59,93.99,4.7
184,kenai,20,US,1562090279,82,60.55,-151.26,62.01,3.36
185,igarka,59,RU,1562090280,50,67.47,86.57,62.03,7.05
186,fairbanks,75,US,1562090280,76,64.84,-147.72,60.01,3.36
187,carauari,93,BR,1562090090,75,-4.88,-66.9,80.57,3.47
188,raca,20,RS,1562090280,62,44.23,20.98,84.2,4.7
189,xining,94,CN,1562090280,87,36.62,101.77,48.35,1.34
190,ostrovnoy,83,RU,1562090027,72,68.05,39.51,54.83,11.34
191,evensk,100,RU,1562090044,97,61.92,159.24,47.45,6.26
192,tomatlan,0,MX,1562090281,59,19.93,-105.25,85.07,10.36
193,faya,20,SA,1562090281,50,18.39,42.45,78.8,5.77
194,nago,0,IT,1562090281,43,45.88,10.89,93.2,3.36
195,novyy urengoy,0,RU,1562090281,46,66.08,76.63,69.05,10.22
196,nador,0,MA,1562090281,44,35.17,-2.93,84.2,12.75
197,clarence town,13,AU,1562090282,100,-32.59,151.78,55.99,8.05
198,catuday,100,PH,1562090282,80,16.29,119.81,82.73,27.65
199,ixtapa,5,MX,1562090018,46,20.71,-105.21,89.6,8.05
200,nkwerre,91,NG,1562090282,89,5.75,7.12,77.87,6.58
201,zhigansk,93,RU,1562090124,73,66.77,123.37,46.55,22.93
202,chokurdakh,100,RU,1562090085,79,70.62,147.9,41.51,7.16
203,ponta do sol,12,BR,1562090027,37,-20.63,-46.0,77.69,3.6
204,hauterive,75,CA,1562090282,82,49.18,-68.27,64.4,5.82
205,khatanga,79,RU,1562090028,47,71.98,102.47,54.83,7.05
206,inhambane,20,MZ,1562090283,72,-23.87,35.38,68.0,2.24
207,losevo,0,RU,1562090283,40,51.73,38.83,73.4,13.42
208,lichinga,1,MZ,1562090283,63,-13.3,35.25,69.05,4.74
209,mayumba,84,GA,1562090102,87,-3.44,10.65,71.93,10.6
210,kalmunai,100,LK,1562090283,71,7.42,81.82,78.41,0.81
211,noumea,90,NC,1562090248,93,-22.28,166.46,64.4,10.22
212,clayton,40,US,1562090068,44,35.65,-78.46,97.0,3.36
213,dodge city,1,US,1562090275,51,37.75,-100.02,87.01,5.82
214,amuntai,99,ID,1562090067,87,-2.42,115.25,76.25,1.59
215,bilibino,54,RU,1562090284,84,68.06,166.44,46.01,1.1
216,lebu,75,ET,1562090049,77,8.96,38.73,62.6,4.7
217,kavaratti,97,IN,1562090021,77,10.57,72.64,83.81,16.69
218,bijie,91,CN,1562090284,91,27.3,105.3,60.77,2.1
219,trincomalee,98,LK,1562090284,71,8.58,81.23,81.11,9.8
220,silopi,0,IQ,1562090284,21,37.25,42.47,89.6,4.7
221,ayan,0,IR,1562090068,49,38.23,44.7,52.31,5.64
222,kinkala,5,CG,1562090285,69,-4.35,14.75,77.0,4.7
223,nara,92,JP,1562090285,88,34.68,135.8,73.99,2.24
224,machico,20,PT,1562090283,56,32.7,-16.77,73.4,12.75
225,chuy,98,UY,1562090285,64,-33.69,-53.46,56.09,13.67
226,clyde river,90,CA,1562090076,93,70.47,-68.59,35.6,24.16
227,chumikan,99,RU,1562090285,78,54.72,135.31,47.99,2.3
228,manokwari,81,ID,1562090059,84,-0.87,134.08,72.65,5.35
229,abilene,1,US,1562090286,55,32.45,-99.73,90.0,9.17
230,codrington,90,AU,1562090056,93,-28.95,153.24,55.99,3.04
231,puerto ayora,75,EC,1562090017,57,-0.74,-90.35,80.6,17.22
232,kommunisticheskiy,0,RU,1562090286,53,61.68,64.48,67.25,6.31
233,kinsale,75,IE,1562090287,72,51.71,-8.52,61.0,3.36
234,payo,40,ID,1562090287,97,-3.75,103.64,67.61,2.75
235,severo-kurilsk,100,RU,1562090065,95,50.68,156.12,42.23,6.67
236,nemuro,93,JP,1562090089,99,43.32,145.57,54.29,5.06
237,qaqortoq,40,GL,1562090274,100,60.72,-46.03,50.0,9.17
238,chifeng,18,CN,1562090287,45,42.27,118.96,63.83,6.55
239,tasiilaq,90,GL,1562090054,81,65.61,-37.64,42.8,38.03
240,wewak,82,PG,1562090287,90,-3.55,143.63,75.89,6.69
241,anadyr,40,RU,1562090107,87,64.73,177.51,44.6,6.71
242,hofn,49,IS,1562090118,78,64.25,-15.21,42.23,10.11
243,qasigiannguit,40,GL,1562090288,28,68.82,-51.19,55.4,14.99
244,lompoc,1,US,1562089793,68,34.64,-120.46,80.01,5.82
245,hamilton,90,CA,1562090253,69,43.26,-79.87,80.01,6.93
246,dunedin,100,NZ,1562090288,74,-45.87,170.5,53.21,12.17
247,rodrigues alves,75,BR,1562090288,59,-7.74,-72.65,89.6,4.7
248,vila velha,20,BR,1562090135,62,-3.71,-38.6,86.0,14.99
249,sioux lookout,75,CA,1562089924,64,50.1,-91.92,77.0,2.24
250,marion,75,US,1562090289,74,35.21,-90.2,91.0,6.93
251,salto,0,BR,1562090289,36,-23.2,-47.29,84.99,11.41
252,wasco,1,US,1562090289,16,35.59,-119.34,84.2,12.75
253,merauke,85,ID,1562090136,81,-8.49,140.4,75.71,18.61
254,bakchar,15,RU,1562090289,70,57.02,82.07,67.79,1.25
255,moron,31,HT,1562090290,77,18.56,-74.26,82.37,3.13
256,karratha,0,AU,1562090046,43,-20.74,116.85,63.83,2.26
257,auki,50,NG,1562090290,51,12.18,6.51,89.03,8.63
258,kralendijk,20,BQ,1562090290,62,12.15,-68.27,87.8,18.34
259,union,40,US,1562090290,40,34.72,-81.62,93.2,3.36
260,tuktoyaktuk,75,CA,1562090057,81,69.44,-133.03,48.2,13.87
261,fonte boa,65,BR,1562090291,78,-2.51,-66.09,80.93,5.95
262,deputatskiy,92,RU,1562090291,86,69.3,139.9,40.97,7.61
263,arlit,0,NE,1562090022,10,18.74,7.39,105.77,7.18
264,gizo,0,IL,1562090291,54,31.8,34.94,82.99,6.93
265,tura,37,RU,1562090277,59,64.27,100.22,55.73,4.76
266,shenkursk,99,RU,1562090291,92,62.11,42.91,54.11,3.27
267,havre-saint-pierre,90,CA,1562090292,72,50.23,-63.6,59.0,11.41
268,vermilion,75,CA,1562090292,67,53.35,-110.85,57.2,17.22
269,havelock,75,US,1562090292,49,34.88,-76.9,93.99,5.82
270,fort nelson,40,CA,1562090082,51,58.81,-122.69,60.8,6.93
271,yulara,0,AU,1562090292,37,-25.24,130.99,53.6,9.17
272,catia la mar,13,VE,1562090292,50,10.6,-67.03,80.01,11.77
273,dese,0,IT,1562090292,55,45.53,12.3,91.99,4.7
274,vetlanda,75,SE,1562090293,71,57.43,15.09,57.2,9.17
275,rurrenabaque,75,BO,1562090293,94,-14.44,-67.53,77.0,4.81
276,nuuk,75,GL,1562090081,66,64.17,-51.74,48.2,10.29
277,los llanos de aridane,40,ES,1562090109,69,28.66,-17.92,73.4,17.22
278,antalaha,86,MG,1562090125,91,-14.9,50.28,64.91,2.8
279,socorro,1,US,1562090215,21,31.65,-106.3,93.2,8.05
280,stokmarknes,20,NO,1562090293,54,68.56,14.91,53.6,5.82
281,san quintin,100,PH,1562090027,86,17.54,120.52,76.43,5.7
282,ambanja,0,MG,1562090294,60,-13.68,48.45,78.59,5.93
283,caravelas,40,BR,1562090048,82,-17.73,-39.27,77.15,9.42
284,baykit,100,RU,1562090294,80,61.68,96.39,66.53,7.85
285,lavrentiya,100,RU,1562090294,96,65.58,-170.99,43.13,4.81
286,takoradi,65,GH,1562090294,84,4.89,-1.75,78.41,7.49
287,andros,0,GR,1562090295,60,37.83,24.93,80.01,6.93
288,swellendam,91,ZA,1562090295,55,-34.02,20.44,64.4,19.46
289,anloga,20,GH,1562090295,78,5.79,0.9,82.4,17.22
290,kahului,20,US,1562089906,73,20.89,-156.47,78.01,16.75
291,ugoofaaru,100,MV,1562090047,72,5.67,73.0,83.63,8.97
292,jedrzejow,21,PL,1562090295,30,50.64,20.3,73.99,4.0
293,camopi,100,GF,1562090295,99,3.17,-52.33,71.93,2.1
294,buraydah,0,SA,1562090296,19,26.33,43.97,100.4,4.7
295,jalu,0,LY,1562090296,20,29.03,21.55,88.67,9.6
296,ures,0,MX,1562090296,30,30.73,-112.95,99.0,5.99
297,constitucion,5,MX,1562090019,31,23.99,-104.67,77.0,3.36
298,khandyga,99,RU,1562090296,90,62.65,135.58,47.99,5.19
299,darbhanga,1,IN,1562090296,61,26.16,85.9,89.57,19.06
300,iqaluit,20,CA,1562090018,57,63.75,-68.52,50.0,6.93
301,kaeo,96,NZ,1562090297,95,-35.1,173.78,61.0,5.01
302,aklavik,75,CA,1562090107,62,68.22,-135.01,57.2,9.17
303,roald,75,NO,1562090297,81,62.58,6.12,48.2,12.75
304,meulaboh,100,ID,1562090134,76,4.14,96.13,82.73,8.68
305,izumo,75,JP,1562090297,83,35.37,132.75,71.6,2.24
306,taltal,68,CL,1562090083,77,-25.41,-70.49,55.01,6.29
307,nipawin,90,CA,1562090297,71,53.36,-104.02,57.2,18.34
308,semirom,50,IR,1562090298,40,31.41,51.57,69.05,4.43
309,sitka,87,US,1562090052,61,37.17,-99.65,82.99,1.01
310,prince rupert,90,CA,1562090298,87,54.32,-130.32,57.2,4.7
311,mount gambier,23,AU,1562089785,76,-37.83,140.78,55.01,5.12
312,mustasaari,0,FI,1562090298,41,63.17,21.67,61.0,6.93
313,pisco,90,PE,1562090049,30,-13.71,-76.2,71.6,10.29
314,jimma,54,ET,1562090298,97,7.67,36.84,59.69,1.34
315,lamar,1,US,1562090299,51,38.09,-102.62,81.0,9.17
316,ketchikan,90,US,1562090299,87,55.34,-131.65,60.8,6.93
317,tocopilla,95,CL,1562090131,88,-22.09,-70.2,58.43,14.58
318,chibuto,0,MZ,1562090299,82,-24.69,33.53,62.03,3.38
319,ngunguru,48,NZ,1562090299,95,-35.62,174.5,61.0,5.01
320,nouadhibou,0,MR,1562090299,69,20.93,-17.03,73.4,20.8
321,kimbe,17,PG,1562090300,93,-5.56,150.15,70.31,3.09
322,lakselv,75,NO,1562090300,81,70.05,24.96,50.0,11.41
323,eureka,75,US,1562090101,72,40.8,-124.16,70.0,12.75
324,piacabucu,1,BR,1562090300,67,-10.41,-36.43,79.85,7.74
325,kavieng,2,PG,1562090024,78,-2.57,150.8,82.55,12.95
326,yumen,94,CN,1562090051,15,40.29,97.04,82.19,6.76
327,houma,52,CN,1562090301,36,35.63,111.36,79.49,1.57
328,buenavista,75,CO,1562090301,65,4.36,-75.74,84.2,3.36
329,alofi,49,NU,1562090025,69,-19.06,-169.92,75.2,12.75
330,toora-khem,21,RU,1562090301,86,52.47,96.11,46.37,1.81
331,progreso,0,UY,1562090301,71,-34.68,-56.22,55.0,14.99
332,pevek,71,RU,1562090075,94,69.7,170.27,35.39,11.59
333,lodja,40,CD,1562090301,33,-3.52,23.6,79.13,1.16
334,manggar,64,ID,1562090302,93,-2.88,108.27,75.35,2.89
335,lopatyn,45,UA,1562090302,79,50.22,24.84,65.45,7.43
336,ust-nera,94,RU,1562090102,91,64.57,143.24,47.09,5.17
337,najran,40,SA,1562090142,11,17.54,44.22,95.0,6.93
338,maniitsoq,3,GL,1562090302,77,65.42,-52.9,41.51,10.2
339,zalantun,81,CN,1562090302,82,48.0,122.72,57.89,3.62
340,rosarito,75,CO,1562090302,72,4.91,-75.23,84.2,5.82
341,deer lake,90,CA,1562090303,87,49.18,-57.43,48.2,14.99
342,seddon,75,AU,1562090303,81,-37.81,144.89,53.01,5.82
343,san policarpo,97,PH,1562090303,81,12.18,125.51,78.41,4.79
344,itarema,39,BR,1562090139,60,-2.92,-39.92,85.07,11.9
345,pangody,46,RU,1562090143,51,65.85,74.49,69.95,9.75
346,pitimbu,40,BR,1562090303,69,-7.47,-34.81,82.4,11.41
347,virginia beach,1,US,1562090139,45,36.85,-75.98,93.0,6.93
348,kudahuvadhoo,100,MV,1562090094,64,2.67,72.89,83.81,4.72
349,quatre cocos,75,MU,1562090061,68,-20.21,57.76,71.6,8.05
350,bara,99,NG,1562090304,66,10.41,10.6,83.81,6.17
351,sao filipe,71,CV,1562090073,81,14.9,-24.5,73.55,18.45
352,katherine,95,AU,1562090304,62,-14.47,132.26,59.0,5.82
353,umea,0,SE,1562090304,29,63.83,20.26,62.6,9.17
354,brae,17,GB,1562090085,66,60.4,-1.35,53.6,16.11
355,la ronge,75,CA,1562090304,62,55.1,-105.3,57.2,17.22
356,ahipara,96,NZ,1562090079,90,-35.17,173.16,60.95,15.14
357,gushikawa,75,JP,1562090305,88,26.35,127.87,82.4,16.11
358,camacha,20,PT,1562090134,60,33.08,-16.33,73.4,18.34
359,sechura,45,PE,1562090090,87,-5.56,-80.82,65.09,12.93
360,tarakan,100,ID,1562090170,86,3.3,117.63,76.25,2.71
361,mehamn,75,NO,1562090305,87,71.03,27.85,48.2,16.11
362,tecolutla,79,MX,1562090305,86,17.31,-98.74,66.89,0.74
363,kiunga,89,PG,1562090306,99,-6.12,141.3,69.59,1.99
364,caraguatay,90,PY,1562090306,93,-25.24,-56.83,60.8,4.7
365,imeni poliny osipenko,96,RU,1562090306,90,52.42,136.49,49.25,1.54
366,berezovyy,95,RU,1562090306,93,51.67,135.7,49.07,2.15
367,santa rosa,63,AR,1562090088,26,-36.62,-64.29,55.73,28.72
368,bilma,21,NE,1562090306,13,18.69,12.92,94.79,0.56
369,pandan,100,PH,1562090307,75,11.72,122.09,81.47,4.41
370,klaksvik,63,FO,1562090076,76,62.23,-6.59,50.0,12.75
371,nanortalik,100,GL,1562090097,97,60.14,-45.24,35.75,5.46
372,atikokan,12,CA,1562090307,31,48.76,-91.62,82.73,8.81
373,dawei,100,MM,1562090110,76,14.07,98.19,82.91,17.2
374,bambous virieux,75,MU,1562090019,68,-20.34,57.76,71.6,8.05
375,rojhan,0,PK,1562090307,20,28.69,69.95,98.39,6.69
376,dali,28,CN,1562090120,35,34.79,109.94,79.85,3.78
377,college,75,US,1562090308,76,64.86,-147.8,60.01,3.36
378,ambon,0,FR,1562090308,56,47.55,-2.56,79.0,12.75
379,funadhoo,95,MV,1562090308,72,6.15,73.27,83.63,9.44
380,dakar,0,SN,1562089507,70,14.69,-17.45,84.2,9.17
381,seoul,20,KR,1562090113,93,37.57,126.98,68.0,1.12
382,tiksi,100,RU,1562090020,94,71.64,128.87,35.57,12.33
383,nioro,43,GM,1562090060,36,13.79,-15.05,98.03,3.58
384,petropavlovsk-kamchatskiy,90,RU,1562090066,100,53.05,158.65,46.4,2.24
385,conway,75,US,1562090309,66,35.09,-92.44,89.01,9.17
386,shushary,40,RU,1562090309,72,59.81,30.38,64.4,4.47
387,russell,1,US,1562090309,58,38.9,-98.86,96.01,8.05
388,cedral,94,MX,1562090309,32,23.82,-100.72,76.07,3.2
389,bowen,40,AU,1562090310,87,-20.01,148.25,62.01,5.82
390,kasongo-lunda,73,CD,1562090310,26,-6.48,16.82,74.45,3.4
391,rhyl,40,GB,1562090310,48,53.32,-3.49,64.4,12.75
392,huambo,0,AO,1562090310,25,-12.78,15.73,59.87,5.28
393,pangnirtung,75,CA,1562090067,57,66.15,-65.72,51.8,3.36
394,pampa,1,US,1562090310,45,35.54,-100.96,82.4,3.36
395,myitkyina,86,MM,1562090311,98,25.38,97.4,72.83,1.05
396,walvis bay,0,NA,1562090043,44,-22.95,14.51,75.2,8.05
397,qarqin,0,AF,1562090311,30,37.41,66.03,84.71,21.54
398,santa cruz de la palma,40,ES,1562090311,69,28.68,-17.76,73.4,17.22
399,tequixquitla,85,MX,1562090311,59,19.33,-97.65,64.91,6.15
400,matara,5,BI,1562090311,71,-3.48,29.48,53.57,1.05
401,sawakin,0,SD,1562090312,23,19.1,37.33,89.93,3.74
402,port hedland,26,AU,1562090084,54,-20.31,118.58,59.0,6.93
403,rocha,100,UY,1562090124,66,-34.48,-54.34,54.29,16.6
404,makat,27,KZ,1562090312,61,47.65,53.35,74.63,15.37
405,tromso,40,NO,1562090312,57,69.65,18.96,51.8,3.36
406,kurumkan,0,RU,1562090312,69,54.33,110.32,54.83,1.72
407,san joaquin,100,PH,1562090022,84,10.59,122.14,75.89,2.24
408,salamiyah,0,SY,1562090313,39,35.01,37.05,75.17,15.73
409,luganville,8,VU,1562090313,96,-15.51,167.18,67.07,1.59
410,arcoverde,64,BR,1562090313,27,-8.42,-37.06,88.67,12.12
411,macau,19,BR,1562090313,67,-5.11,-36.64,82.37,11.77
412,banjar,92,ID,1562090314,92,-7.37,108.54,71.03,0.89
413,gazojak,0,TM,1562090314,26,41.19,61.4,74.63,9.84
414,emerald,90,AU,1562090314,71,-23.53,148.16,57.2,3.36
415,guozhen,55,CN,1562090314,74,29.3,113.14,75.35,6.42
416,ozinki,87,RU,1562090314,84,51.2,49.73,69.23,7.09
417,torbat-e jam,0,IR,1562090314,35,35.24,60.63,66.17,22.32
418,rafsanjan,14,IR,1562090315,29,30.4,55.99,79.67,15.23
419,poum,0,MK,1562090029,39,41.28,20.71,84.2,2.19
420,komsomolskiy,98,RU,1562090062,59,67.55,63.78,70.49,7.78
421,sambava,100,MG,1562090315,93,-14.27,50.17,67.07,2.68
422,bafq,0,IR,1562090315,33,31.6,55.4,78.77,8.66
423,camocim,15,BR,1562090315,49,-2.9,-40.84,89.03,7.43
424,almaznyy,0,RU,1562090315,57,48.03,40.04,78.8,15.66
425,srostki,0,RU,1562090316,89,52.42,85.7,53.03,1.48
426,santa maria del oro,0,MX,1562090316,19,25.95,-105.37,83.45,7.94
427,lukoyanov,36,RU,1562090316,85,55.03,44.48,59.33,5.84
428,charters towers,12,AU,1562090080,88,-20.07,146.27,56.27,3.11
429,moanda,96,CD,1562090316,79,-5.93,12.38,72.83,8.66
430,pinega,81,RU,1562090317,67,64.7,43.39,62.21,5.57
431,suoyarvi,17,RU,1562090317,68,62.08,32.35,61.49,3.44
432,yeppoon,90,AU,1562090317,82,-23.13,150.74,62.6,6.93
433,turukhansk,28,RU,1562090317,62,65.8,87.96,63.83,5.44
434,krasnyy yar,36,RU,1562090317,81,50.7,44.73,69.23,11.56
435,barquisimeto,75,VE,1562090317,54,10.07,-69.32,82.4,9.17
436,gonaives,50,HT,1562090318,76,19.45,-72.68,82.91,6.2
437,artigas,0,BR,1562090318,56,-30.4,-56.46,59.69,4.54
438,shingu,100,JP,1562090060,99,33.72,135.99,64.73,0.76
439,port blair,100,IN,1562090141,81,11.67,92.75,83.81,20.85
440,golspie,75,GB,1562090318,67,57.97,-3.98,57.2,14.99
441,paamiut,79,GL,1562090081,89,61.99,-49.67,38.99,14.41
442,kajaani,0,FI,1562090318,51,64.22,27.73,62.6,10.29
443,uhlove,0,UA,1562090319,73,44.82,33.6,72.83,16.22
444,bella vista,50,AR,1562090319,59,-27.03,-65.31,60.8,4.7
445,vung tau,100,VN,1562090319,83,10.35,107.08,79.49,13.13
446,abu dhabi,0,AE,1562090053,56,24.47,54.37,95.0,3.36
447,makarska,0,HR,1562090319,21,43.3,17.02,95.0,11.41
448,meadow lake,75,CA,1562090319,67,54.13,-108.44,59.0,20.8
449,husavik,64,CA,1562090106,44,50.56,-96.99,75.99,8.01
450,pareora,100,NZ,1562090320,86,-44.49,171.21,48.0,3.0
451,lengshuijiang,64,CN,1562090320,75,27.66,111.45,70.13,3.69
452,biskamzha,97,RU,1562090320,99,53.45,89.53,48.17,1.86
453,san cristobal,17,HN,1562090099,36,14.68,-86.92,84.89,12.93
454,martapura,98,ID,1562090320,88,-3.41,114.85,77.33,6.4
455,salalah,75,OM,1562090072,89,17.01,54.1,84.2,10.29
456,binzhou,100,CN,1562090320,77,37.38,117.96,77.0,3.6
457,shakhtinsk,75,KZ,1562090321,63,49.71,72.59,64.4,8.95
458,kenda,75,DZ,1562090321,49,35.66,5.57,77.0,21.92
459,porbandar,79,IN,1562090321,85,21.64,69.61,82.19,12.53
460,flin flon,90,CA,1562090021,67,54.77,-101.88,57.2,14.99
461,nabire,75,ID,1562090321,99,-3.36,135.5,69.23,3.15
462,san borja,48,BO,1562090321,54,-14.86,-66.75,86.33,6.96
463,plettenberg bay,41,ZA,1562090064,51,-34.05,23.37,60.59,6.78
464,arman,99,RU,1562090322,94,59.7,150.17,46.19,2.39
465,bollnas,96,SE,1562090322,44,61.35,16.39,55.01,6.31
466,oranjestad,40,AW,1562090158,62,12.52,-70.03,89.6,20.8
467,tecoanapa,75,MX,1562090124,79,16.99,-99.26,86.0,4.7
468,channel-port aux basques,100,CA,1562090322,94,47.57,-59.14,51.23,11.07
469,siva,0,GR,1562090323,78,35.21,25.04,78.01,2.24
470,lyubim,100,RU,1562090323,91,58.36,40.69,56.63,6.2
471,puerto madero,0,AR,1562090282,58,-34.61,-58.36,57.2,8.05
472,dosso,35,NE,1562090091,28,13.05,3.19,101.09,4.72
473,policoro,5,IT,1562090323,66,40.21,16.68,89.01,8.05
474,sola,0,TZ,1562090122,48,-3.17,33.8,69.95,4.65
475,peshkopi,0,AL,1562090323,69,41.68,20.43,84.2,4.7
476,brighton,0,GB,1562090128,52,50.82,-0.14,71.6,5.82
477,cam ranh,40,VN,1562090045,66,11.92,109.15,84.2,16.11
478,port-gentil,40,GA,1562090139,83,-0.72,8.78,75.2,13.87
479,todos santos,5,MX,1562090119,40,23.45,-110.23,95.0,5.68
480,jinchang,60,CN,1562090324,39,38.52,102.19,69.95,2.28
481,mogadishu,18,SO,1562090053,77,2.04,45.34,76.07,12.1
482,poso,100,ID,1562090324,81,-1.4,120.75,62.57,1.52
483,banda aceh,91,ID,1562090324,72,5.56,95.32,84.89,15.35
484,mayo,75,CA,1562090324,82,63.59,-135.9,64.4,4.7
485,kem,38,UG,1562090325,88,2.68,33.77,66.53,3.2
486,laguna,40,BZ,1562090061,63,16.17,-88.94,91.4,6.93
487,soe,35,EE,1562090325,72,57.91,26.05,62.6,16.11
488,majene,100,ID,1562090053,75,-3.54,118.97,80.03,14.41
489,wembley,20,CA,1562090325,51,55.15,-119.14,62.6,16.11
490,touros,75,BR,1562090103,78,-5.2,-35.46,80.6,14.99
491,shakawe,0,BW,1562090325,25,-18.36,21.84,56.09,6.31
492,tongliao,92,CN,1562090326,51,43.61,122.27,70.49,6.44
493,puerto del rosario,20,ES,1562090326,64,28.5,-13.86,75.2,23.04
494,sorong,99,ID,1562090326,95,-0.86,131.25,74.63,5.06
495,inuvik,75,CA,1562090326,62,68.36,-133.71,57.2,11.41
496,port lincoln,0,AU,1562090062,74,-34.72,135.86,58.07,6.31
497,frutal,0,BR,1562090327,27,-20.02,-48.93,84.71,9.04
498,kramat,93,ID,1562090327,91,-7.04,112.64,72.29,5.41
499,saint-augustin,20,CA,1562090054,44,45.63,-73.98,84.99,2.24
500,tautira,75,PF,1562090327,83,-17.73,-149.15,75.2,2.24
501,askarovo,90,RU,1562090327,100,53.34,58.51,59.0,4.47
502,porto walter,8,BR,1562090327,41,-8.27,-72.74,93.35,2.66
503,ust-tsilma,100,RU,1562090328,92,65.44,52.15,61.31,8.01
504,naze,66,NG,1562090328,91,5.43,7.07,77.15,5.44
505,maragogi,80,BR,1562090126,77,-9.01,-35.22,78.77,8.84
506,saint anthony,75,US,1562090042,40,43.97,-111.68,78.01,11.41
507,oltu,0,TR,1562090328,76,40.55,42.0,51.77,3.51
508,vestmannaeyjar,75,IS,1562090103,71,63.44,-20.27,53.6,13.87
509,beira,75,ES,1562090328,82,43.2,-8.36,75.0,11.41
510,talnakh,0,RU,1562090048,42,69.49,88.39,64.4,4.47
511,port shepstone,0,ZA,1562090329,45,-30.74,30.45,54.83,5.75
512,port hueneme,40,US,1562090329,77,34.15,-119.2,82.99,8.05
513,yarmouth,40,CA,1562090329,77,43.84,-66.12,64.99,8.05
514,tooele,1,US,1562090237,14,40.53,-112.3,91.4,17.22
515,cartagena,20,ES,1562090329,69,37.63,-1.0,84.2,9.17
516,antofagasta,75,CL,1562090316,72,-23.65,-70.4,59.0,2.24
517,krasnyy chikoy,47,RU,1562090330,70,50.36,108.75,56.63,3.31
518,raudeberg,75,NO,1562090104,76,61.99,5.14,48.2,18.34
519,caceres,30,CO,1562090330,50,5.53,-74.53,83.09,4.99
520,puerto carreno,40,CO,1562090330,78,6.19,-67.49,80.6,3.36
521,zharkent,0,KZ,1562090330,31,44.17,80.0,58.43,4.45
522,bereda,75,ES,1562090330,82,43.27,-7.54,66.2,11.41
523,mahibadhoo,100,MV,1562090331,63,3.78,72.97,83.81,4.79
524,huilong,39,CN,1562090331,64,31.15,106.5,77.15,2.28
525,vardo,40,US,1562090331,52,39.62,-77.74,93.99,5.82
526,vredendal,61,ZA,1562090331,83,-31.68,18.49,56.09,10.22
527,purpe,19,RU,1562090332,84,64.48,76.69,59.0,11.56
528,bartica,75,GY,1562090332,66,6.41,-58.62,87.8,16.11
529,murray,1,US,1562090237,23,40.67,-111.89,91.4,20.8
530,san juan de uraba,55,CO,1562090332,78,8.76,-76.53,82.01,5.23
531,okhotsk,100,RU,1562090332,90,59.36,143.24,47.99,12.53
532,redlands,1,US,1562090202,38,34.06,-117.19,86.0,3.36
533,yerbogachen,95,RU,1562090143,80,61.28,108.01,55.91,4.41
534,kuryk,0,KZ,1562090333,56,43.18,51.68,74.45,14.65
535,pandamatenga,0,BW,1562090333,24,-18.54,25.64,58.07,6.49
536,pauini,2,BR,1562090333,36,-7.71,-67.0,94.43,3.04
537,veraval,0,FR,1562090333,52,49.65,0.71,71.01,13.87
538,dawlatabad,0,AF,1562090333,30,36.41,64.91,79.31,17.69
539,topolobampo,40,MX,1562090333,55,25.6,-109.05,93.99,18.34
540,amlimay,100,PH,1562090334,89,16.69,120.84,70.49,4.76
541,muli,40,CN,1562090334,71,28.08,109.56,69.23,4.29
542,ojinaga,1,US,1562090334,26,29.56,-104.41,95.0,5.82
543,kamaishi,54,JP,1562090334,95,39.28,141.86,54.83,4.12
544,rafraf,0,TN,1562090334,33,37.19,10.18,89.6,11.41
545,presidencia roque saenz pena,99,AR,1562090335,66,-26.79,-60.44,62.57,5.26
546,maxixe,20,MZ,1562090335,72,-23.86,35.35,68.0,2.24
547,dharan,20,NP,1562090335,87,26.81,87.28,71.75,1.43
548,havre,40,US,1562090140,71,48.55,-109.68,55.99,4.7
549,alekseyevsk,77,RU,1562090335,68,57.84,108.35,68.69,9.28
550,alta floresta,40,BR,1562090335,34,-9.87,-56.08,93.2,5.82
551,itamaraju,19,BR,1562090336,78,-17.04,-39.53,76.61,7.23
552,fermoy,75,IE,1562090336,72,52.14,-8.28,61.0,3.36
553,haines junction,99,CA,1562090336,66,60.75,-137.51,63.47,4.45
554,doclin,0,RO,1562090336,49,45.3,21.65,91.4,6.93
555,gannan,58,CN,1562090336,89,47.92,123.49,57.71,5.91
556,palaikastron,0,GR,1562090337,67,35.2,26.25,78.01,1.99
557,bulgan,100,MN,1562090130,80,48.81,103.53,56.27,0.92
558,half moon bay,40,US,1562090337,82,37.46,-122.43,75.99,16.11
